title,href
YOUMI 尤蜜荟 Vol.570 肤白胜雪女神 周于希,https://lesmao.org/thread-25831-1-1.html
YOUMEI 尤美   陈圆圆 玉背厨娘,https://lesmao.org/thread-26137-1-1.html
YOUMEI 尤美  陈圆圆 红唇美女,https://lesmao.org/thread-26145-1-1.html
YALAYI 雅拉伊 Vol.750    京京 新半藏森林,https://lesmao.org/thread-26243-1-1.html
Goddes 头条女神 No.S050 艾静香女上司的茶局（一）　,https://lesmao.org/thread-26055-1-1.html
XiuRen 秀人 No.3016  芝芝 镂空性感c裤,https://lesmao.org/thread-26216-1-1.html
XiuRen 秀人 No.3005  抹油系列 周于希sandy 白皙魔鬼身材,https://lesmao.org/thread-26191-1-1.html
MFStar 模范学院 Vol.434  绸缎睡衣  苏雨彤 三亚旅拍,https://lesmao.org/thread-26109-1-1.html
HuaYang 花漾show Vol.332 透视爆乳 徐安安,https://lesmao.org/thread-25743-1-1.html
XiuRen 秀人 No.2963  发型屋旗袍 安然,https://lesmao.org/thread-26043-1-1.html
XiuRen 秀人 No.2990   职业装旅拍 萌汉药baby,https://lesmao.org/thread-26172-1-1.html
YOUMI 尤蜜荟 Vol.569 白色镂空内衣 王雨纯,https://lesmao.org/thread-25829-1-1.html
YOUMEI 尤美   田冰冰 时尚街拍,https://lesmao.org/thread-26156-1-1.html
XiuRen 秀人 No.2946 童颜巨乳  美七mia,https://lesmao.org/thread-25992-1-1.html
XiuRen 秀人 No.2979  有轨电车情景剧 就是阿朱啊,https://lesmao.org/thread-26098-1-1.html
MyGirl 美媛馆 Vol.476 蕾丝袜美腿 唐琪儿,https://lesmao.org/thread-26105-1-1.html
UGirls 爱尤物 No.2004 小桃子 爱情观,https://lesmao.org/thread-26236-1-1.html
HuaYang 花漾show Vol.331 深v毛衣黑丝熟女 果儿,https://lesmao.org/thread-25654-1-1.html
XiuRen 秀人 No.3009  职业职场装 九月生,https://lesmao.org/thread-26195-1-1.html
XiuRen 秀人 No.2991  艾静香 短裙职场,https://lesmao.org/thread-26173-1-1.html
FeiLin 嗲囡囡 Vol.366 皮衣情趣内衣 张欣欣,https://lesmao.org/thread-26144-1-1.html
YOUMEI 尤美  孙Amber 酥胸玉体,https://lesmao.org/thread-26004-1-1.html
YOUMEI 尤美  何嘉颖 和服玉背性感,https://lesmao.org/thread-26139-1-1.html
YOUMEI 尤美 如歌 内衣私房,https://lesmao.org/thread-26143-1-1.html
MTYH 喵糖映画 Vol.349 居家jk制服,https://lesmao.org/thread-26168-1-1.html
MTYH 喵糖映画 Vol.351 少女波波球,https://lesmao.org/thread-26246-1-1.html
XiuRen 秀人 No.3003  肚兜情趣活力全开 模特合辑 沈欢欣,https://lesmao.org/thread-26185-1-1.html
MFStar 模范学院 Vol.433  首套写真 水水er 清纯美女,https://lesmao.org/thread-26107-1-1.html
HuaYang 花漾show Vol.330 性感护士 王雨纯,https://lesmao.org/thread-25627-1-1.html
XIAOYU  语画界 Vol.447 居家娇妻写真 杨晨晨,https://lesmao.org/thread-26158-1-1.html
XiuRen 秀人 No.2948  主题多重放纵gone crazzis 陈小喵,https://lesmao.org/thread-25994-1-1.html
XiuRen 秀人 No.2962  酒店私人经理 周于希,https://lesmao.org/thread-26041-1-1.html
IMiss 爱蜜社 Vol.541 肉丝紧身衣 小狐狸,https://lesmao.org/thread-26115-1-1.html
YOUMEI 尤美  安妮斯朵拉 玉背街拍,https://lesmao.org/thread-26152-1-1.html
YOUMEI 尤美  李承美 欧范性感美女,https://lesmao.org/thread-25928-1-1.html
YOUMEI 尤美 田冰冰 性感马场美女,https://lesmao.org/thread-26155-1-1.html
MTYH 喵糖映画 Vol.348 猫儿女仆,https://lesmao.org/thread-26167-1-1.html
Goddes 头条女神 No.0912 夜来爱静香艾静香,https://lesmao.org/thread-26189-1-1.html
YALAYI 雅拉伊 Vol.748   雪晴 每一分 每一秒,https://lesmao.org/thread-26163-1-1.html
XiuRen 秀人 No.3002  酒店行李员主题 陈小喵,https://lesmao.org/thread-26184-1-1.html
YOUMI 尤蜜荟 Vol.564 空姐制服 尤妮丝,https://lesmao.org/thread-25622-1-1.html
XiuRen 秀人 No.2954  镂空内衣娇柔身姿 杨晨晨,https://lesmao.org/thread-26028-1-1.html
YOUMEI 尤美   cici 玉体酥胸,https://lesmao.org/thread-26005-1-1.html
YOUMEI 尤美  瑶瑶 清纯校园制服,https://lesmao.org/thread-25914-1-1.html
MTYH 喵糖映画 Vol.343 白色睡衣,https://lesmao.org/thread-26091-1-1.html
XiuRen 秀人 No.2922  风一下的诱惑主题 陈小喵,https://lesmao.org/thread-25945-1-1.html
XiuRen 秀人 No.2961  空姐职业制服 果儿和葛征模特合集,https://lesmao.org/thread-26039-1-1.html
YOUMI 尤蜜荟 Vol.563 肉欲死库水 周大萌,https://lesmao.org/thread-25621-1-1.html
HuaYang 花漾show Vol.323 吊裙御姐嫩模 陈一涵,https://lesmao.org/thread-25581-1-1.html
MyGirl 美媛馆 Vol.471 灯红酒绿香肩 绮里嘉ula,https://lesmao.org/thread-25956-1-1.html
XIAOYU  语画界 Vol.442 美臀黑丝 杨晨晨  成都旅拍,https://lesmao.org/thread-26058-1-1.html
XiuRen 秀人 No.2964  职场OL系列 艾静香,https://lesmao.org/thread-26059-1-1.html
YOUMEI 尤美   苏小曼 求职小故事,https://lesmao.org/thread-25857-1-1.html
UGirls 爱尤物 No.1997 小妮妮 浴缸里的水手,https://lesmao.org/thread-26118-1-1.html
YOUMEI 尤美   何嘉颖 爆乳眼镜ol美女,https://lesmao.org/thread-25924-1-1.html
YALAYI 雅拉伊 Vol.745  阿禾 神明少女,https://lesmao.org/thread-26084-1-1.html
MyGirl 美媛馆 Vol.470 红色镂空内衣 绮里嘉ula,https://lesmao.org/thread-25954-1-1.html
XiuRen 秀人 No.2951 蜘蛛侠皮衣  允爾 酥胸圆润美腿,https://lesmao.org/thread-26025-1-1.html
XiuRen 秀人 No.2976  清甜秀美美女皮裙 南初妹妹,https://lesmao.org/thread-26095-1-1.html
UGirls 爱尤物 No.1996 九儿 黑胶公主,https://lesmao.org/thread-26116-1-1.html
XiuRen 秀人 No.2927  唐安琪 情景美女,https://lesmao.org/thread-25950-1-1.html
MFStar 模范学院 Vol.427  性感蕾丝袜美足 优优,https://lesmao.org/thread-25958-1-1.html
XiuRen 秀人 No.2967  性感皮裙 梦心月,https://lesmao.org/thread-26062-1-1.html
IMiss 爱蜜社 Vol.539 性感制服 九月生,https://lesmao.org/thread-26036-1-1.html
YOUMEI 尤美  安妮斯朵拉 纹身玉体妹子,https://lesmao.org/thread-26016-1-1.html
YOUMEI 尤美  瑶瑶 诱惑玉体,https://lesmao.org/thread-26002-1-1.html
Goddes 头条女神 No.0909 艾静香女上司的茶局9P,https://lesmao.org/thread-26051-1-1.html
XiuRen 秀人 No.2894  惹火身材娇艳欲滴 田冰冰,https://lesmao.org/thread-25878-1-1.html
XiuRen 秀人 No.2904  学妹便利贴主题 鱼子酱fish,https://lesmao.org/thread-25890-1-1.html
MyGirl 美媛馆 Vol.469 职场秘书ol女秘书 绮里嘉ula,https://lesmao.org/thread-25952-1-1.html
XiuRen 秀人 No.2974  秘书浴室主题 陈小喵,https://lesmao.org/thread-26076-1-1.html
XIAOYU  语画界 Vol.441 淡粉色礼裙 绯月樱,https://lesmao.org/thread-26056-1-1.html
XiuRen 秀人 No.2934  刘艾琳 曼妙身姿芭比娃娃,https://lesmao.org/thread-25961-1-1.html
YOUMEI 尤美 诱惑捆绑,https://lesmao.org/thread-26001-1-1.html
YOUMEI 尤美   何嘉颖 制服香肩户外,https://lesmao.org/thread-26000-1-1.html
MTYH 喵糖映画 Vol.345 爱宕花嫁,https://lesmao.org/thread-26093-1-1.html
XiuRen 秀人 No.2903  漫画主题三点式内衣 糯美子,https://lesmao.org/thread-25889-1-1.html
XiuRen 秀人 No.2970  真实教室场景jk制服 沈梦瑶,https://lesmao.org/thread-26068-1-1.html
MFStar 模范学院 Vol.428 魅惑黑丝  娜比 新人模特,https://lesmao.org/thread-25960-1-1.html
UGirls 爱尤物 No.1995 白茹雪 柔软的焦距,https://lesmao.org/thread-26114-1-1.html
XiuRen 秀人 No.2977  剧情主题写真 糯美子,https://lesmao.org/thread-26096-1-1.html
MFStar 模范学院 Vol.432  白色女仆主题 顾乔楠 三亚旅拍,https://lesmao.org/thread-26065-1-1.html
YOUMI 尤蜜荟 Vol.568 紫色镂空连体内衣 田冰冰,https://lesmao.org/thread-25827-1-1.html
XiuRen 秀人 No.2992  黑色吊裙和吊袜 梦心月,https://lesmao.org/thread-26174-1-1.html
XIAOYU  语画界 Vol.446 紧身裙旅拍 绯月樱,https://lesmao.org/thread-26125-1-1.html
HuaYang 花漾show Vol.329 熟女气息 尤妮丝 典雅礼裙,https://lesmao.org/thread-25626-1-1.html
YOUMEI 尤美  沈善熙 短发美女诱惑萝莉家仆,https://lesmao.org/thread-26151-1-1.html
YOUMEI 尤美   陈宇曦 性感孔袜,https://lesmao.org/thread-25927-1-1.html
UGirls 爱尤物 No.2003 露儿 恋爱高级定制,https://lesmao.org/thread-26203-1-1.html
MTYH 喵糖映画 Vol.347 眼镜美女,https://lesmao.org/thread-26166-1-1.html
XiuRen 秀人 No.2994  秘书今晚不回家 fairy如歌,https://lesmao.org/thread-26176-1-1.html
MyGirl 美媛馆 Vol.474  复出写真 王馨瑶,https://lesmao.org/thread-26101-1-1.html
XiuRen 秀人 No.2943  美女老板独特气质 安然,https://lesmao.org/thread-25971-1-1.html
UGirls 爱尤物 No.2002 晓也 女神的马甲线,https://lesmao.org/thread-26201-1-1.html
HuaYang 花漾show Vol.328 陈一涵 ol风格御姐,https://lesmao.org/thread-25625-1-1.html
XiuRen 秀人 No.2988 小果冻 诱惑萝莉情趣连体衣,https://lesmao.org/thread-26170-1-1.html
XiuRen 秀人 No.2950  芭比娃娃 刘艾琳 新人模特,https://lesmao.org/thread-25996-1-1.html
MFStar 模范学院 Vol.431 典雅旗袍 安琪yee,https://lesmao.org/thread-26063-1-1.html
YOUMEI 尤美  何嘉颖 朦胧诱惑,https://lesmao.org/thread-26149-1-1.html
YOUMEI 尤美    溪溪 玉体丁字裤,https://lesmao.org/thread-25923-1-1.html
XiuRen 秀人 No.2984  奶油妹妹 丰满爆乳新人模特,https://lesmao.org/thread-26106-1-1.html
FeiLin 嗲囡囡 Vol.365 柔甜妹子 哩哩呀 新人模特,https://lesmao.org/thread-26117-1-1.html
XiuRen 秀人 No.3000  轻熟都市丽人 言沫,https://lesmao.org/thread-26182-1-1.html
YOUMI 尤蜜荟 Vol.567 粉色皮裙 玥儿玥er 都市制服,https://lesmao.org/thread-25742-1-1.html
XiuRen 秀人 No.2952  真实场景酒店主题 周于希,https://lesmao.org/thread-26026-1-1.html
XIAOYU  语画界 Vol.445 杨紫嫣 都市ol黑丝,https://lesmao.org/thread-26124-1-1.html
HuaYang 花漾show Vol.326 吊裙和朦胧丝袜 果儿,https://lesmao.org/thread-25623-1-1.html
YOUMEI 尤美  易阳 巨乳纱裙,https://lesmao.org/thread-26141-1-1.html
UGirls 爱尤物 No.2001 娜露  棕榈叶少女,https://lesmao.org/thread-26199-1-1.html
MTYH 喵糖映画 Vol.344 死库水写真少女,https://lesmao.org/thread-26092-1-1.html
XiuRen 秀人 No.2960 专属护士剧情系列   允爾,https://lesmao.org/thread-26037-1-1.html
XiuRen 秀人 No.2973  职业装高跟 杨晨晨,https://lesmao.org/thread-26074-1-1.html
XIAOYU  语画界 Vol.444 镂空内衣 周思乔betty,https://lesmao.org/thread-26077-1-1.html
UGirls 爱尤物 No.2000 川上富江 湿润的礼物,https://lesmao.org/thread-26197-1-1.html
IMiss 爱蜜社 Vol.540 丝袜美腿都市OL Vanessa,https://lesmao.org/thread-26113-1-1.html
XiuRen 秀人 No.2956   吊裙何朦胧丝袜 fairy如歌,https://lesmao.org/thread-26030-1-1.html
XiuRen 秀人 No.2980  酒店服务员情景剧 葛征184美女,https://lesmao.org/thread-26099-1-1.html
MyGirl 美媛馆 Vol.475 吸睛魅惑丝袜 绮里嘉ula,https://lesmao.org/thread-26103-1-1.html
YOUMEI 尤美  费若拉 红酒爆乳美女,https://lesmao.org/thread-25922-1-1.html
YALAYI 雅拉伊 Vol.749   果果 甜蜜约会,https://lesmao.org/thread-26164-1-1.html
XiuRen 秀人 No.3033  清纯动人 糯美子 白色连衣裙,https://lesmao.org/thread-26295-1-1.html
HuaYang 花漾show Vol.337 空姐制服翘臀 周于希,https://lesmao.org/thread-25839-1-1.html
XiuRen 秀人 No.2981  郑颖姗 职场制服美腿,https://lesmao.org/thread-26100-1-1.html
MFStar 模范学院 Vol.440   清甜可人美女 水水er 新人模特,https://lesmao.org/thread-26202-1-1.html
XiuRen 秀人 No.3052  黑丝浴室 萌汉药baby 经典职场ol,https://lesmao.org/thread-26341-1-1.html
XiuRen 秀人 No.3015 黑丝制服吊袜 梦心月,https://lesmao.org/thread-26215-1-1.html
XiuRen 秀人 No.2998  智齿型内衣萝莉 白甜,https://lesmao.org/thread-26180-1-1.html
YOUMEI 尤美  安妮斯朵拉 玉体恶魔纹身,https://lesmao.org/thread-26280-1-1.html
YOUMEI 尤美  李多多 粉色护士制服,https://lesmao.org/thread-26253-1-1.html
Goddes 头条女神 No.0914 芮希航空林芮希！,https://lesmao.org/thread-26319-1-1.html
HuaYang 花漾show Vol.334 医生剧情主题 王雨纯,https://lesmao.org/thread-25745-1-1.html
XiuRen 秀人 No.3044  浑圆蜜桃臀 文静儿,https://lesmao.org/thread-26325-1-1.html
XiuRen 秀人 No.3007  情趣内衣主题 安然 黑丝镂空,https://lesmao.org/thread-26193-1-1.html
XIAOYU  语画界 Vol.452 视觉魅惑 杨晨晨 黑丝美腿,https://lesmao.org/thread-26210-1-1.html
MFStar 模范学院 Vol.439  格子jk制服 小果冻儿 新模特俏皮可爱,https://lesmao.org/thread-26200-1-1.html
XiuRen 秀人 No.2978  短裙黑丝制服 果儿,https://lesmao.org/thread-26097-1-1.html
XiuRen 秀人 No.3040  葛征 184美女健身房主题,https://lesmao.org/thread-26310-1-1.html
YOUMEI 尤美  费若拉 巨乳香肩,https://lesmao.org/thread-26274-1-1.html
UGirls 爱尤物 No.2010 艾小青 超速恋爱,https://lesmao.org/thread-26361-1-1.html
XiuRen 秀人 No.3027  情趣制服遇上警花制服 就是阿朱啊,https://lesmao.org/thread-26234-1-1.html
XiuRen 秀人 No.3034  地铁站狂野豹纹 芝芝booty,https://lesmao.org/thread-26297-1-1.html
FeiLin 嗲囡囡 Vol.368 睡衣香肩 isabelle贵贵 御姐型美女,https://lesmao.org/thread-26148-1-1.html
UGirls 爱尤物 No.2009 金梓琳 华灯初上夜会霓裳,https://lesmao.org/thread-26321-1-1.html
HuaYang 花漾show Vol.336 肚兜巨乳 周大萌  洁白古韵,https://lesmao.org/thread-25837-1-1.html
MyGirl 美媛馆 Vol.479 黑白女仆装 唐琪儿,https://lesmao.org/thread-26198-1-1.html
XiuRen 秀人 No.2996  情趣旗袍 陆萱萱,https://lesmao.org/thread-26178-1-1.html
XIAOYU  语画界 Vol.451 蓝色吊裙美腿 绯月樱,https://lesmao.org/thread-26209-1-1.html
YOUMEI 尤美  奶熙宝宝 诱惑眼镜妹,https://lesmao.org/thread-26281-1-1.html
YALAYI 雅拉伊 Vol.751    婉儿 迷情公寓,https://lesmao.org/thread-26244-1-1.html
YOUMEI 尤美  许文婷 活力双马尾,https://lesmao.org/thread-26257-1-1.html
XiuRen 秀人 No.3001  街拍主题 糯美子 童颜巨乳,https://lesmao.org/thread-26183-1-1.html
XiuRen 秀人 No.3021  粉色镂空吊裙 王雨纯,https://lesmao.org/thread-26222-1-1.html
YOUMI 尤蜜荟 Vol.571 性感合辑 尤妮丝和果儿 娇躯熟女,https://lesmao.org/thread-25833-1-1.html
MFStar 模范学院 Vol.438  经典兔女郎 优优,https://lesmao.org/thread-26140-1-1.html
XiuRen 秀人 No.2993  黑色吊裙和吊袜 唐安琪,https://lesmao.org/thread-26175-1-1.html
XiuRen 秀人 No.2985  室外白色情趣 苏雨彤,https://lesmao.org/thread-26108-1-1.html
IMiss 爱蜜社 Vol.544 都市美女美腿  杨紫嫣,https://lesmao.org/thread-26205-1-1.html
YOUMEI 尤美  易阳 黑丝奶霸,https://lesmao.org/thread-26131-1-1.html
UGirls 爱尤物 No.2008 雪千寻大白兔 白又白,https://lesmao.org/thread-26317-1-1.html
YOUMEI 尤美 美幸baby 性感皮靴专辑,https://lesmao.org/thread-26276-1-1.html
MTYH 喵糖映画 Vol.355 湿身短发妹子,https://lesmao.org/thread-26249-1-1.html
YOUMEI 尤美  陈宇曦 美臀妹子,https://lesmao.org/thread-26264-1-1.html
XiuRen 秀人 No.3008  模特合辑 朱可儿和玥儿,https://lesmao.org/thread-26194-1-1.html
XiuRen 秀人 No.3025  娇小可人新人模特 星小兔 首套写真,https://lesmao.org/thread-26230-1-1.html
MFStar 模范学院 Vol.435 蒙面与束缚 娜比,https://lesmao.org/thread-26111-1-1.html
IMiss 爱蜜社 Vol.543 jk制服和筒袜 肉肉,https://lesmao.org/thread-26204-1-1.html
XiuRen 秀人 No.3018  紫色情趣内衣私房 张雨萌,https://lesmao.org/thread-26218-1-1.html
XIAOYU  语画界 Vol.450 职场制服美臀 郑颖姗,https://lesmao.org/thread-26161-1-1.html
XiuRen 秀人 No.2997  典雅吊裙 杨晨晨 曼妙身姿,https://lesmao.org/thread-26179-1-1.html
YOUMEI 尤美 可可 性感格子裙子,https://lesmao.org/thread-26283-1-1.html
MTYH 喵糖映画 Vol.354 黑丝清纯少女,https://lesmao.org/thread-26248-1-1.html
Goddes 头条女神 No.0913 冬日早上好婴宁！,https://lesmao.org/thread-26318-1-1.html
XiuRen 秀人 No.3023  经典黑丝ol 玉兔miki,https://lesmao.org/thread-26226-1-1.html
XiuRen 秀人 No.3006  居家女友情趣 尤妮丝 剧情主题,https://lesmao.org/thread-26192-1-1.html
XiuRen 秀人 No.2975  90后歌手 金悦汐  首套写真,https://lesmao.org/thread-26094-1-1.html
XiuRen 秀人 No.2987 会议室讲师写真 陆萱萱,https://lesmao.org/thread-26112-1-1.html
YOUMI 尤蜜荟 Vol.572 民国风薄纱镂空内衣 周大萌,https://lesmao.org/thread-25866-1-1.html
MyGirl 美媛馆 Vol.478 低胸内衣黑丝  王馨瑶,https://lesmao.org/thread-26134-1-1.html
FeiLin 嗲囡囡 Vol.367 职场黑短裙 艾静香,https://lesmao.org/thread-26146-1-1.html
UGirls 爱尤物 No.2007 姜云曦 云端情歌,https://lesmao.org/thread-26316-1-1.html
YOUMEI 尤美  陈圆圆 红唇黑绒旗袍,https://lesmao.org/thread-26279-1-1.html
YOUMEI 尤美   陈宇曦 泳池比基尼,https://lesmao.org/thread-26254-1-1.html
MyGirl 美媛馆 Vol.477 护士制服写真 糯美子,https://lesmao.org/thread-26132-1-1.html
XiuRen 秀人 No.3024 红艳娇躯红唇美女  郑颖姗,https://lesmao.org/thread-26228-1-1.html
XIAOYU  语画界 Vol.449 空乘制服 梦梵,https://lesmao.org/thread-26160-1-1.html
HuaYang 花漾show Vol.335 三点式内衣湿身 果儿 杭州旅拍,https://lesmao.org/thread-25835-1-1.html
XiuRen 秀人 No.3020  末班大巴车主题写真 安然,https://lesmao.org/thread-26220-1-1.html
MFStar 模范学院 Vol.437  空乘职业制服 贵贵,https://lesmao.org/thread-26138-1-1.html
IMiss 爱蜜社 Vol.542 活力湿身少女 九月生 娇柔欲滴少女制服,https://lesmao.org/thread-26142-1-1.html
UGirls 爱尤物 No.2006 沈佳熹 私欲韵味旗袍,https://lesmao.org/thread-26284-1-1.html
YOUMEI 尤美  李承美 护士制服,https://lesmao.org/thread-26278-1-1.html
MTYH 喵糖映画 Vol.352 女仆眼镜少女,https://lesmao.org/thread-26247-1-1.html
YOUMEI 尤美  绯月樱 双马尾可爱少女,https://lesmao.org/thread-26252-1-1.html
XiuRen 秀人 No.3012 海军三点式巨乳  奶油妹妹,https://lesmao.org/thread-26212-1-1.html
XIAOYU  语画界 Vol.448 微胖美眉韵味旗袍 豆瓣酱,https://lesmao.org/thread-26159-1-1.html
XiuRen 秀人 No.2969  林煊煊 首套写真新人模特,https://lesmao.org/thread-26066-1-1.html
UGirls 爱尤物 No.2005 萱萱 女仆加冕,https://lesmao.org/thread-26238-1-1.html
XiuRen 秀人 No.2986  妩媚台球女郎 芝芝,https://lesmao.org/thread-26110-1-1.html
HuaYang 花漾show Vol.333   性感肥臀 尤妮丝,https://lesmao.org/thread-25744-1-1.html
MFStar 模范学院 Vol.436  方子萱 黑丝吊裙美腿,https://lesmao.org/thread-26136-1-1.html
UGirls 爱尤物 No.1993 明娜 明明很爱你,https://lesmao.org/thread-26080-1-1.html
XiuRen 秀人 No.2953  空乘制服美臀 朱可儿,https://lesmao.org/thread-26027-1-1.html
XiuRen 秀人 No.2872  白衬衫与黑皮裙 王雨纯,https://lesmao.org/thread-25797-1-1.html
XiuRen 秀人 No.2945  爆乳芭比 文静儿,https://lesmao.org/thread-25991-1-1.html
MFStar 模范学院 Vol.426  性感短裙爆乳 娜比,https://lesmao.org/thread-25862-1-1.html
UGirls 爱尤物 No.1992 乔雪 三分钟告白,https://lesmao.org/thread-26078-1-1.html
IMiss 爱蜜社 Vol.535 肉肉 娇艳俏丽,https://lesmao.org/thread-25821-1-1.html
XiuRen 秀人 No.2847  酒店前台主题系列 鱼子酱fish,https://lesmao.org/thread-25696-1-1.html
XIAOYU  语画界 Vol.435  风色吊裙美足 冯木木,https://lesmao.org/thread-25976-1-1.html
YOUMEI 尤美   李纤纤 香肩清纯少女,https://lesmao.org/thread-25911-1-1.html
YOUMEI 尤美 陈圆圆 油画香肩玉背,https://lesmao.org/thread-26014-1-1.html
YALAYI 雅拉伊 Vol.742    虞艺 《失恋后》,https://lesmao.org/thread-26079-1-1.html
XiuRen 秀人 No.2942  糯美子和软软子 师生情主题系列,https://lesmao.org/thread-25969-1-1.html
XiuRen 秀人 No.2896  深v套装 张雨萌,https://lesmao.org/thread-25882-1-1.html
MFStar 模范学院 Vol.425  艾静香 新人模特高挑美女,https://lesmao.org/thread-25861-1-1.html
YOUMEI 尤美    安妮斯朵拉 纹身性感玉体,https://lesmao.org/thread-25850-1-1.html
HuaYang 花漾show Vol.320 丝丝妩媚 玥儿玥er 清零透彻,https://lesmao.org/thread-25546-1-1.html
XiuRen 秀人 No.2915  空姐剧情写真 周于希,https://lesmao.org/thread-25901-1-1.html
XiuRen 秀人 No.2899  梦心月  韵味旗袍黑丝系列,https://lesmao.org/thread-25885-1-1.html
FeiLin 嗲囡囡 Vol.361 jk制服 茯苓 新人模特,https://lesmao.org/thread-26020-1-1.html
YALAYI 雅拉伊 Vol.741   艾丽 双子座女孩,https://lesmao.org/thread-25983-1-1.html
YOUMEI 尤美  白亦 清纯少女,https://lesmao.org/thread-26012-1-1.html
Goddes 头条女神 No.S049 茶水间的OL女士VIP版艾小青,https://lesmao.org/thread-25382-1-1.html
XiuRen 秀人 No.2935  沈欢欣 模特合辑,https://lesmao.org/thread-25963-1-1.html
XiuRen 秀人 No.2858  街边邂逅黑丝 周于希,https://lesmao.org/thread-25710-1-1.html
XIAOYU  语画界 Vol.434 极致魅惑 黄楽然,https://lesmao.org/thread-25975-1-1.html
MyGirl 美媛馆 Vol.466 蕾丝吊袜娇躯 唐琪儿,https://lesmao.org/thread-25788-1-1.html
UGirls 爱尤物 No.1991 阿依努尔瓦娅 雪芙微甜,https://lesmao.org/thread-26049-1-1.html
YOUMI 尤蜜荟 Vol.559 黑皮裙制服ol 允爾,https://lesmao.org/thread-25542-1-1.html
XiuRen 秀人 No.2937  性感制服 妲己_toxic,https://lesmao.org/thread-25989-1-1.html
IMiss 爱蜜社 Vol.534 旗袍丝袜 杨紫嫣,https://lesmao.org/thread-25819-1-1.html
YOUMEI 尤美   cici 性感厨娘,https://lesmao.org/thread-25770-1-1.html
YOUMEI 尤美   张茜茹 香肩美女,https://lesmao.org/thread-25910-1-1.html
MTYH 喵糖映画 Vol.336 黑裙酒馆,https://lesmao.org/thread-25986-1-1.html
XiuRen 秀人 No.2862  女仆魅惑三点式 软软子,https://lesmao.org/thread-25782-1-1.html
XiuRen 秀人 No.2891  皮衣连体衣 monika九月 新人模特,https://lesmao.org/thread-25872-1-1.html
XIAOYU  语画界 Vol.433 蕾丝内衣浴室 杨晨晨,https://lesmao.org/thread-25881-1-1.html
UGirls 爱尤物 No.1990 微胖的小狐狸 林中尤物,https://lesmao.org/thread-26047-1-1.html
HuaYang 花漾show Vol.319 香肩美腿 徐安安 杭州旅拍,https://lesmao.org/thread-25544-1-1.html
XiuRen 秀人 No.2947  华丽吊裙 梦心月,https://lesmao.org/thread-25993-1-1.html
YOUMEI 尤美  李多多 情趣透视蕾丝,https://lesmao.org/thread-26003-1-1.html
XiuRen 秀人 No.2995 紧身内衣捆绑御姐  方子宣,https://lesmao.org/thread-26177-1-1.html
XiuRen 秀人 No.2957  软软子 巨乳连色裙,https://lesmao.org/thread-26031-1-1.html
XiuRen 秀人 No.2966  高尔夫女郎主题 果儿,https://lesmao.org/thread-26061-1-1.html
HuaYang 花漾show Vol.327 巨乳少女吊袜 周大萌,https://lesmao.org/thread-25624-1-1.html
MFStar 模范学院 Vol.430  熟女气质美女 白茹雪,https://lesmao.org/thread-26034-1-1.html
XiuRen 秀人 No.2941 娇柔粉透欲滴  九月生,https://lesmao.org/thread-25967-1-1.html
YOUMI 尤蜜荟 Vol.566 黑白经典曼妙身材 周于希,https://lesmao.org/thread-25741-1-1.html
YOUMEI 尤美   沈善熙 气质美女,https://lesmao.org/thread-26127-1-1.html
UGirls 爱尤物 No.1999 美七mia 甜心之吻,https://lesmao.org/thread-26187-1-1.html
YOUMEI 尤美   艾小青 纯白内衣,https://lesmao.org/thread-26129-1-1.html
YALAYI 雅拉伊 Vol.747    梦涵 冬恋,https://lesmao.org/thread-26162-1-1.html
XiuRen 秀人 No.2972  室外泳池湿身泳衣 美七mia,https://lesmao.org/thread-26072-1-1.html
XiuRen 秀人 No.2944  飒爽皮衣 玥儿玥er,https://lesmao.org/thread-25973-1-1.html
MyGirl 美媛馆 Vol.473 亮丝美腿 唐琪儿 婀娜旗袍,https://lesmao.org/thread-26032-1-1.html
XiuRen 秀人 No.2971  真空肉丝白色塑身主题 萌汉药baby,https://lesmao.org/thread-26070-1-1.html
YOUMI 尤蜜荟 Vol.565 丝袜媚态娇艳 果儿,https://lesmao.org/thread-25653-1-1.html
XiuRen 秀人 No.2958  丝袜美腿高跟 言沫,https://lesmao.org/thread-26033-1-1.html
HuaYang 花漾show Vol.325 朦胧丝袜娇躯 周于希,https://lesmao.org/thread-25585-1-1.html
YOUMEI 尤美  cici 爆乳诱惑,https://lesmao.org/thread-26128-1-1.html
YOUMEI 尤美   陈宇曦 比基尼,https://lesmao.org/thread-26133-1-1.html
MTYH 喵糖映画 Vol.350 八重樱 兔女郎,https://lesmao.org/thread-26169-1-1.html
Goddes 头条女神 No.0911 婴宁 清纯少女早上好！,https://lesmao.org/thread-26188-1-1.html
YALAYI 雅拉伊 Vol.746   阿禾神明少女,https://lesmao.org/thread-26085-1-1.html
XiuRen 秀人 No.2923  A4纤细柔美腿 琳芮希,https://lesmao.org/thread-25946-1-1.html
XiuRen 秀人 No.2949  超短裙草莓粉色内衣 芝芝,https://lesmao.org/thread-25995-1-1.html
XiuRen 秀人 No.2955  偶遇主题写真 陆萱萱,https://lesmao.org/thread-26029-1-1.html
HuaYang 花漾show Vol.324 丰腴童颜巨乳 朱可儿,https://lesmao.org/thread-25583-1-1.html
FeiLin 嗲囡囡 Vol.364 清甜诱惑可人萝莉 桃香子,https://lesmao.org/thread-26067-1-1.html
MFStar 模范学院 Vol.429  职场ol美腿 优优yoo,https://lesmao.org/thread-26019-1-1.html
XiuRen 秀人 No.2982  carry 韵味旗袍黑丝,https://lesmao.org/thread-26102-1-1.html
YOUMEI 尤美   陈圆圆 花季纱裙,https://lesmao.org/thread-26008-1-1.html
YOUMEI 尤美  李承美 兔女郎美腿,https://lesmao.org/thread-26147-1-1.html
MTYH 喵糖映画 Vol.346 兔儿娘,https://lesmao.org/thread-26165-1-1.html
UGirls 爱尤物 No.1998 小蜜桃 桃色记,https://lesmao.org/thread-26126-1-1.html
XiuRen 秀人 No.2983 校服备考学生与家教情景剧  鱼子酱fish,https://lesmao.org/thread-26104-1-1.html
XiuRen 秀人 No.2919  娇柔身躯 允爾 猩红吊裙,https://lesmao.org/thread-25942-1-1.html
XiuRen 秀人 No.2925  护士职业主题 韩静安,https://lesmao.org/thread-25948-1-1.html
MyGirl 美媛馆 Vol.472 性感皮衣 绮里嘉ula,https://lesmao.org/thread-26018-1-1.html
XIAOYU  语画界 Vol.443 红色主题内衣皮裙 芝芝,https://lesmao.org/thread-26075-1-1.html
FeiLin 嗲囡囡 Vol.363 玉体诱惑 小果冻儿   娇柔欲滴小软妹,https://lesmao.org/thread-26040-1-1.html
XiuRen 秀人 No.2921  不良少女狂野皮衣 芝芝,https://lesmao.org/thread-25944-1-1.html
XIAOYU  语画界 Vol.440 蕾丝吊袜 郑颖姗,https://lesmao.org/thread-26054-1-1.html
YOUMI 尤蜜荟 Vol.562 酒店私人管家 徐安安,https://lesmao.org/thread-25620-1-1.html
YOUMEI 尤美  溪溪 美臀玉足,https://lesmao.org/thread-25913-1-1.html
YOUMEI 尤美   洛洛 爆乳女仆制服,https://lesmao.org/thread-26013-1-1.html
MTYH 喵糖映画 Vol.340 同桌的水手服,https://lesmao.org/thread-26088-1-1.html
XiuRen 秀人 No.2879  魅惑童颜巨乳 美七mia,https://lesmao.org/thread-25818-1-1.html
XiuRen 秀人 No.2968  唐安琪 白色婚纱主题,https://lesmao.org/thread-26064-1-1.html
XIAOYU  语画界 Vol.439 清甜连体衣 豆瓣酱,https://lesmao.org/thread-26024-1-1.html
UGirls 爱尤物 No.1994 月音瞳 月亮代表她的情,https://lesmao.org/thread-26082-1-1.html
YOUMI 尤蜜荟 Vol.561 巨乳肥臀 娜露,https://lesmao.org/thread-25619-1-1.html
XiuRen 秀人 No.2905  粉色居家娇妻 杨晨晨,https://lesmao.org/thread-25891-1-1.html
XiuRen 秀人 No.2939 精美礼物黑丝  绯月樱,https://lesmao.org/thread-25965-1-1.html
IMiss 爱蜜社 Vol.538 性感ol制服写真 Vanessa,https://lesmao.org/thread-25962-1-1.html
YOUMEI 尤美   陈圆圆 连体衣美女嫩模,https://lesmao.org/thread-26010-1-1.html
YALAYI 雅拉伊 Vol.744   可颐 心魔,https://lesmao.org/thread-26083-1-1.html
YOUMEI 尤美  性感美女内衣私房,https://lesmao.org/thread-26007-1-1.html
XiuRen 秀人 No.2965  凯竹廿十 职场装,https://lesmao.org/thread-26060-1-1.html
XIAOYU  语画界 Vol.436 经典职业制服 何嘉颖,https://lesmao.org/thread-26086-1-1.html
HuaYang 花漾show Vol.321 红色肚兜主题 周大萌 巨乳萝莉,https://lesmao.org/thread-25548-1-1.html
XiuRen 秀人 No.2909  佘贝拉bella 马尾女孩,https://lesmao.org/thread-25895-1-1.html
XiuRen 秀人 No.2929  周慕汐 都市ol美腿,https://lesmao.org/thread-25953-1-1.html
IMiss 爱蜜社 Vol.537 肉肉 光润玉颜,https://lesmao.org/thread-25864-1-1.html
FeiLin 嗲囡囡 Vol.362 沐夕 首套模特 纯天然素颜美女,https://lesmao.org/thread-26038-1-1.html
YOUMEI 尤美  李薇薇,https://lesmao.org/thread-25856-1-1.html
YOUMEI 尤美  李承美 高跟孔袜,https://lesmao.org/thread-25920-1-1.html
MTYH 喵糖映画 Vol.339 肥宅少女,https://lesmao.org/thread-26087-1-1.html
XiuRen 秀人 No.2959  救护车主题系列护士 就是阿朱啊,https://lesmao.org/thread-26035-1-1.html
XiuRen 秀人 No.2878  会议室职业制服 韩静安,https://lesmao.org/thread-25816-1-1.html
MyGirl 美媛馆 Vol.468 洁白韵味旗袍 绮里嘉ula,https://lesmao.org/thread-25859-1-1.html
XiuRen 秀人 No.2908  新人模特  陈念灵 气质美女,https://lesmao.org/thread-25894-1-1.html
HuaYang 花漾show Vol.322  熟女爆乳 尤妮丝  性感短裙,https://lesmao.org/thread-25579-1-1.html
YouWu 尤物馆 Vol.172 视觉穿透力眼镜ol 萱萱cecilia,https://lesmao.org/thread-25966-1-1.html
IMiss 爱蜜社 Vol.536 黑丝吊裙玉背 jermy,https://lesmao.org/thread-25863-1-1.html
YOUMEI 尤美  团团 捆绑翘臀,https://lesmao.org/thread-25912-1-1.html
YOUMEI 尤美   小语 纯白酥胸,https://lesmao.org/thread-25916-1-1.html
YALAYI 雅拉伊 Vol.743   可颐 心魔,https://lesmao.org/thread-26081-1-1.html
MTYH 喵糖映画 Vol.341 圣诞女郎,https://lesmao.org/thread-26089-1-1.html
MTYH 喵糖映画 Vol.342 秋冬活力,https://lesmao.org/thread-26090-1-1.html
XiuRen 秀人 No.2932  学生宿舍 陆萱萱 女友外出约会,https://lesmao.org/thread-25959-1-1.html
MFStar 模范学院 Vol.424  灰色职业制服 优优,https://lesmao.org/thread-25860-1-1.html
YOUMEI 尤美  陈圆圆 红色绒裙,https://lesmao.org/thread-26006-1-1.html
YOUMEI 尤美   小语 酥胸内衣,https://lesmao.org/thread-25908-1-1.html
MTYH 喵糖映画 Vol.335  夏日和服 少女,https://lesmao.org/thread-25985-1-1.html
Goddes 头条女神 No.0910 hellen夕阳下的自画像,https://lesmao.org/thread-26053-1-1.html
XIAOYU  语画界 Vol.426 肉丝美臀 杨晨晨 淡雅白色吊裙,https://lesmao.org/thread-25798-1-1.html
XiuRen 秀人 No.2860  上门维修酒店外面主题 陈小喵,https://lesmao.org/thread-25712-1-1.html
MyGirl 美媛馆 Vol.467 橙色连体衣 绮里嘉ula,https://lesmao.org/thread-25858-1-1.html
XiuRen 秀人 No.2902  心妍小公主 乘务长制服系列,https://lesmao.org/thread-25888-1-1.html
UGirls 爱尤物 No.1989 芝芝 时分性感的姑娘,https://lesmao.org/thread-26045-1-1.html
XiuRen 秀人 No.2931  女士制服主题 糯米NM,https://lesmao.org/thread-25957-1-1.html
IMiss 爱蜜社 Vol.533 肉肉 娇艳俏丽妩媚美女,https://lesmao.org/thread-25817-1-1.html
XiuRen 秀人 No.2895  情趣制服 月音瞳 妖娆美女,https://lesmao.org/thread-25880-1-1.html
YouWu 尤物馆 Vol.171 最新性感玉体 韩冰冰儿,https://lesmao.org/thread-25964-1-1.html
YOUMEI 尤美  教师学生情景剧模特合辑 陈宇曦,https://lesmao.org/thread-26011-1-1.html
YOUMEI 尤美  团团 爆乳肥臀,https://lesmao.org/thread-25906-1-1.html
XiuRen 秀人 No.2930  女仆内衣 周井空 居家温柔,https://lesmao.org/thread-25955-1-1.html
XiuRen 秀人 No.2856  逃学威龙剧情写真 陆萱萱,https://lesmao.org/thread-25708-1-1.html
YOUMI 尤蜜荟 Vol.560 白衬衫美女  玥儿玥er  健美身材,https://lesmao.org/thread-25577-1-1.html
XiuRen 秀人 No.2897 韵味旗袍  riri617 内衣私房,https://lesmao.org/thread-25883-1-1.html
XiuRen 秀人 No.2920  诱惑力皮衣 梦心月,https://lesmao.org/thread-25943-1-1.html
FeiLin 嗲囡囡 Vol.360 性感和服制服 小波多,https://lesmao.org/thread-25865-1-1.html
IMiss 爱蜜社 Vol.532 娇美容颜 vanessa 丝袜写真,https://lesmao.org/thread-25739-1-1.html
YOUMEI 尤美   安璐璐 香肩美眉,https://lesmao.org/thread-25776-1-1.html
YOUMEI 尤美   李承美 旗袍美腿黑丝,https://lesmao.org/thread-25917-1-1.html
YALAYI 雅拉伊 Vol.740    虞艺 失恋后,https://lesmao.org/thread-25982-1-1.html
YOUMEI 尤美   曦宝儿 蕾丝写真,https://lesmao.org/thread-26015-1-1.html
YALAYI 雅拉伊 Vol.739    梓杨 制服私房,https://lesmao.org/thread-25981-1-1.html
YOUMEI 尤美    易阳 新年特辑,https://lesmao.org/thread-25758-1-1.html
XiuRen 秀人 No.2918  情趣皮衣制服 美七,https://lesmao.org/thread-25941-1-1.html
XiuRen 秀人 No.2842  蜜桃臀诱惑 文静儿,https://lesmao.org/thread-25691-1-1.html
XiuRen 秀人 No.2928  香车美女车模 杨晨晨,https://lesmao.org/thread-25951-1-1.html
HuaYang 花漾show Vol.318 情趣制服 朱可儿,https://lesmao.org/thread-25509-1-1.html
MFStar 模范学院 Vol.423 黑短裙职场秘书  娜比,https://lesmao.org/thread-25815-1-1.html
XiuRen 秀人 No.2886   蕾丝吊袜 芝芝  性感牛仔,https://lesmao.org/thread-25832-1-1.html
IMiss 爱蜜社 Vol.531 米色内衣 小热巴 苗条娇躯,https://lesmao.org/thread-25738-1-1.html
YOUMEI 尤美   陈圆圆  玉体翘臀,https://lesmao.org/thread-25915-1-1.html
YOUMEI 尤美   周波儿,https://lesmao.org/thread-25855-1-1.html
UGirls 爱尤物 No.1988 小卷卷老师 浴情故纵,https://lesmao.org/thread-25999-1-1.html
YALAYI 雅拉伊 Vol.738    瓶儿 令我忘餐,https://lesmao.org/thread-25980-1-1.html
XiuRen 秀人 No.2916  情趣皮衣皮鞭 陆萱萱,https://lesmao.org/thread-25902-1-1.html
XiuRen 秀人 No.2875  格子死库水 糯美子,https://lesmao.org/thread-25812-1-1.html
XiuRen 秀人 No.2890  俏皮内衣私房 陈梦babe,https://lesmao.org/thread-25870-1-1.html
XiuRen 秀人 No.2926  健身房美女 方子萱,https://lesmao.org/thread-25949-1-1.html
MFStar 模范学院 Vol.422  NBA篮球宝贝主题 白甜,https://lesmao.org/thread-25792-1-1.html
XIAOYU  语画界 Vol.432 停车场邂逅 芝芝,https://lesmao.org/thread-25879-1-1.html
IMiss 爱蜜社 Vol.530 杨紫嫣cynthia 华丽典雅吊裙,https://lesmao.org/thread-25737-1-1.html
YOUMEI 尤美  李承美 蕾丝内衣私房,https://lesmao.org/thread-26009-1-1.html
UGirls 爱尤物 No.1987 金茜 复古暧昧,https://lesmao.org/thread-25998-1-1.html
XiuRen 秀人 No.2913  白蛇与青蛇剧情 尤妮丝和果儿,https://lesmao.org/thread-25899-1-1.html
XiuRen 秀人 No.2871  抹油系列 鱼子酱 陌生人邀约健身房,https://lesmao.org/thread-25795-1-1.html
MyGirl 美媛馆 Vol.465 巨乳嫩模 软软子 韵味旗袍巨乳,https://lesmao.org/thread-25714-1-1.html
UGirls 爱尤物 No.1986 妮小妖 白色性感,https://lesmao.org/thread-25997-1-1.html
XiuRen 秀人 No.2936   诱惑捆绑乳贴 郑颖姗 兔女郎,https://lesmao.org/thread-25990-1-1.html
XIAOYU  语画界 Vol.431 都市ol制服旅拍 绯月樱,https://lesmao.org/thread-25877-1-1.html
YOUMI 尤蜜荟 Vol.558 果儿 猩红吊裙肥臀,https://lesmao.org/thread-25540-1-1.html
IMiss 爱蜜社 Vol.529 肉肉 气质女神朦胧黑丝,https://lesmao.org/thread-25736-1-1.html
YOUMEI 尤美   张雨萌 玉体乳贴,https://lesmao.org/thread-25904-1-1.html
YOUMEI 尤美  2020-02-25-1  乔雪 红唇熟女,https://lesmao.org/thread-25926-1-1.html
YALAYI 雅拉伊 Vol.737    小乔 突然好想你,https://lesmao.org/thread-25979-1-1.html
MTYH 喵糖映画 Vol.337  雷姆睡裙,https://lesmao.org/thread-25987-1-1.html
XiuRen 秀人 No.2907  软软子 和 糯美子 童颜巨乳,https://lesmao.org/thread-25893-1-1.html
XIAOYU  语画界 Vol.430 清甜可人 豆瓣酱 新人模特,https://lesmao.org/thread-25875-1-1.html
XiuRen 秀人 No.2853  色彩艳丽和服 韩静安,https://lesmao.org/thread-25705-1-1.html
XiuRen 秀人 No.2893  性感护士制服 唐安琪,https://lesmao.org/thread-25876-1-1.html
HuaYang 花漾show Vol.316 周大萌 职场秘书ol,https://lesmao.org/thread-25442-1-1.html
XiuRen 秀人 No.2892 黑丝短裙  carry,https://lesmao.org/thread-25874-1-1.html
XiuRen 秀人 No.2912  狂野豹纹吊裙 心妍小公主,https://lesmao.org/thread-25898-1-1.html
YOUMEI 尤美  何嘉颖 性感气质美女,https://lesmao.org/thread-25851-1-1.html
YALAYI 雅拉伊 Vol.736    晓琪 无眠身懒,https://lesmao.org/thread-25978-1-1.html
YOUMEI 尤美   温心怡 湿身花瓣浴,https://lesmao.org/thread-25773-1-1.html
XiuRen 秀人 No.2911  就是阿朱啊 热带雨衣主题,https://lesmao.org/thread-25897-1-1.html
XiuRen 秀人 No.2863  室内健身房诱惑 娜露,https://lesmao.org/thread-25783-1-1.html
MFStar 模范学院 Vol.421  性感护士制服 白茹雪,https://lesmao.org/thread-25790-1-1.html
UGirls 爱尤物 No.1984 林渃晗,https://lesmao.org/thread-25938-1-1.html
XiuRen 秀人 No.2851  外滩主题旅拍旗袍 陶喜乐,https://lesmao.org/thread-25703-1-1.html
XIAOYU  语画界 Vol.438 美腿女神 杨晨晨,https://lesmao.org/thread-25977-1-1.html
XiuRen 秀人 No.2924  果儿 红色蕾丝熟女,https://lesmao.org/thread-25947-1-1.html
IMiss 爱蜜社 Vol.528 vanessa 经典职场制服娇媚容颜,https://lesmao.org/thread-25735-1-1.html
YOUMEI 尤美  李多多 情趣诱惑,https://lesmao.org/thread-25921-1-1.html
YOUMEI 尤美    乔雪 短发翘臀,https://lesmao.org/thread-25919-1-1.html
MTYH 喵糖映画 Vol.338  蔷薇少女,https://lesmao.org/thread-25988-1-1.html
XiuRen 秀人 No.2914  轻薄衬衫香肩 小萱nacay,https://lesmao.org/thread-25900-1-1.html
XiuRen 秀人 No.2873  新晋开发美妞 安妮斯朵拉 妩媚妹子,https://lesmao.org/thread-25810-1-1.html
XiuRen 秀人 No.2874  极致魅惑御姐气息 张雨萌,https://lesmao.org/thread-25811-1-1.html
UGirls 爱尤物 No.1983 白亦 我怀念的 校服jk制服,https://lesmao.org/thread-25937-1-1.html
YOUMI 尤蜜荟 Vol.557 超短牛仔裤 王雨纯,https://lesmao.org/thread-25538-1-1.html
XIAOYU  语画界 Vol.429 黑丝死库水 杨晨晨,https://lesmao.org/thread-25873-1-1.html
XiuRen 秀人 No.2898  高挑美女 葛征,https://lesmao.org/thread-25884-1-1.html
IMiss 爱蜜社 Vol.527 光滑美腿 萌白酱,https://lesmao.org/thread-25734-1-1.html
YOUMEI 尤美  沈善熙,https://lesmao.org/thread-25853-1-1.html
MTYH 喵糖映画 Vol.334  职业装少女,https://lesmao.org/thread-25984-1-1.html
YOUMEI 尤美  安妮斯朵拉 湿身连体衣,https://lesmao.org/thread-25771-1-1.html
XiuRen 秀人 No.2887  更衣室女主角剧情情节 就是阿朱啊,https://lesmao.org/thread-25834-1-1.html
XIAOYU  语画界 Vol.428 蒙面蕾丝 杨晨晨 黑色蕾丝吊裙,https://lesmao.org/thread-25845-1-1.html
MFStar 模范学院 Vol.420  透视酥胸 郑颖姗,https://lesmao.org/thread-25717-1-1.html
FeiLin 嗲囡囡 Vol.359 玉体视觉魅惑 月音瞳 波波池私房,https://lesmao.org/thread-25825-1-1.html
YOUMI 尤蜜荟 Vol.556 性感女神酥胸 周于希,https://lesmao.org/thread-25508-1-1.html
IMiss 爱蜜社 Vol.526 靓丽车拍 小热巴 朦胧美腿,https://lesmao.org/thread-25733-1-1.html
XiuRen 秀人 No.2910  职场女老板主题 杨紫嫣,https://lesmao.org/thread-25896-1-1.html
YOUMEI 尤美  柚柚酱 可爱少女乳贴,https://lesmao.org/thread-25918-1-1.html
YOUMEI 尤美    夏玲蔓 制服cs,https://lesmao.org/thread-25925-1-1.html
YOUMEI 尤美    陈圆圆 美女嫩模,https://lesmao.org/thread-25854-1-1.html
UGirls 爱尤物 No.1982 维妮卡 人问精心,https://lesmao.org/thread-25936-1-1.html
XiuRen 秀人 No.2938  就是阿朱啊 妩媚女神圣诞主题,https://lesmao.org/thread-25934-1-1.html
XiuRen 秀人 No.2940  朱可儿 童颜巨乳圣诞捆绑,https://lesmao.org/thread-25935-1-1.html
IMiss 爱蜜社 Vol.525 vanessa 丝袜美腿写真肤白如玉,https://lesmao.org/thread-25732-1-1.html
XIAOYU  语画界 Vol.437 性感白丝圣诞 杨晨晨,https://lesmao.org/thread-25933-1-1.html
YOUMEI 尤美   美熙 性感美女酥胸,https://lesmao.org/thread-25930-1-1.html
YOUMEI 尤美    费若拉 巨乳圣诞专辑,https://lesmao.org/thread-25932-1-1.html
YOUMEI 尤美    小m酱 圣诞少女,https://lesmao.org/thread-25931-1-1.html
YOUMEI 尤美  jessica 爆乳圣诞,https://lesmao.org/thread-25940-1-1.html
UGirls 爱尤物 No.1985 果儿 圣诞节特辑,https://lesmao.org/thread-25939-1-1.html
YOUMEI 尤美   模特合辑 圣诞节,https://lesmao.org/thread-25471-1-1.html
XiuRen 秀人 No.2906  萌汉药和张雨萌 剧情主题合辑,https://lesmao.org/thread-25892-1-1.html
XiuRen 秀人 No.2848  洞房花烛透视蕾丝 范京宜,https://lesmao.org/thread-25700-1-1.html
MFStar 模范学院 Vol.419  白色蕾丝睡衣 白甜,https://lesmao.org/thread-25716-1-1.html
HuaYang 花漾show Vol.317 果儿 牛仔裤与丝袜,https://lesmao.org/thread-25444-1-1.html
IMiss 爱蜜社 Vol.524 萌白酱 空姐制服,https://lesmao.org/thread-25731-1-1.html
XiuRen 秀人 No.2881  绯月樱 都市ol丝足美腿,https://lesmao.org/thread-25822-1-1.html
YOUMEI 尤美    何嘉颖 家仆制服,https://lesmao.org/thread-25852-1-1.html
UGirls 爱尤物 No.1979 林静瑶,https://lesmao.org/thread-25847-1-1.html
YOUMEI 尤美  何嘉颖和小仙 圣诞女郎,https://lesmao.org/thread-23684-1-1.html
XiuRen 秀人 No.2885  职场ol剧情主题 周于希,https://lesmao.org/thread-25830-1-1.html
XiuRen 秀人 No.2901  情景剧情写真 fairy如歌,https://lesmao.org/thread-25887-1-1.html
XiuRen 秀人 No.2844  真空泳衣泳池巨乳 软软子,https://lesmao.org/thread-25693-1-1.html
YOUMI 尤蜜荟 Vol.555 魔鬼熟女 尤妮丝  杭州旅拍,https://lesmao.org/thread-25432-1-1.html
XIAOYU  语画界 Vol.427 皮衣情趣内衣眼镜ol 杨紫嫣,https://lesmao.org/thread-25844-1-1.html
XiuRen 秀人 No.2889  isabelle贵贵 职场制服新人模特,https://lesmao.org/thread-25868-1-1.html
YOUMEI 尤美    艾小青 玉体美臀,https://lesmao.org/thread-25909-1-1.html
YOUMEI 尤美   瑶瑶 诱惑玉体,https://lesmao.org/thread-25929-1-1.html
XiuRen 秀人 No.2900 仓库监管员主题捆绑 陈小喵,https://lesmao.org/thread-25886-1-1.html
YOUMI 尤蜜荟 Vol.554 运动辣妹 田冰冰,https://lesmao.org/thread-25430-1-1.html
XiuRen 秀人 No.2846  职业秘书皮裙 糯美子,https://lesmao.org/thread-25695-1-1.html
MyGirl 美媛馆 Vol.464 抹胸礼裙 唐琪儿 极致黑丝,https://lesmao.org/thread-25713-1-1.html
XiuRen 秀人 No.2867  男士球迷足球宝贝 糯米NM,https://lesmao.org/thread-25787-1-1.html
XiuRen 秀人 No.2884 韵味旗袍 尤妮丝 杭州旅拍,https://lesmao.org/thread-25828-1-1.html
FeiLin 嗲囡囡 Vol.358 小蛮妖 曼妙娇躯秘书制服,https://lesmao.org/thread-25823-1-1.html
YOUMEI 尤美    尤蜜合辑 陈圆圆 陈宇曦,https://lesmao.org/thread-25774-1-1.html
MTYH 喵糖映画 Vol.293  红色小红帽,https://lesmao.org/thread-25290-1-1.html
YOUMEI 尤美  沈善熙,https://lesmao.org/thread-25849-1-1.html
UGirls 爱尤物 No.1981 做你的小猫 美猫攻心计,https://lesmao.org/thread-25903-1-1.html
XiuRen 秀人 No.2888  性感孔袜湿身 周波儿,https://lesmao.org/thread-25846-1-1.html
HuaYang 花漾show Vol.315 模特合辑 王雨纯和娜露,https://lesmao.org/thread-25440-1-1.html
FeiLin 嗲囡囡 Vol.357 女仆装巨乳温柔可爱 周大萌,https://lesmao.org/thread-25740-1-1.html
IMiss 爱蜜社 Vol.523 室外泳池比基尼 九月生,https://lesmao.org/thread-25730-1-1.html
XiuRen 秀人 No.2855  灰丝短裙 绯月樱 都市ol短裙,https://lesmao.org/thread-25707-1-1.html
XiuRen 秀人 No.2883 吊袜丁字裤 白甜 美臀香娇玉嫩,https://lesmao.org/thread-25826-1-1.html
YOUMEI 尤美    温心怡 诱惑制服,https://lesmao.org/thread-25766-1-1.html
YOUMEI 尤美   奶熙宝宝 内衣私房,https://lesmao.org/thread-25905-1-1.html
UGirls 爱尤物 No.1980 sopha 气质妹子,https://lesmao.org/thread-25848-1-1.html
XiuRen 秀人 No.2882 醉酒主题写真  陆萱萱,https://lesmao.org/thread-25824-1-1.html
YOUMI 尤蜜荟 Vol.552 婚纱新娘主题 周大萌,https://lesmao.org/thread-25394-1-1.html
XiuRen 秀人 No.2864  米色职场制服 杨晨晨,https://lesmao.org/thread-25784-1-1.html
XiuRen 秀人 No.2861  诗诗 车拍ol黑丝,https://lesmao.org/thread-25781-1-1.html
XIAOYU  语画界 Vol.425 针织绿色吊裙 芝芝,https://lesmao.org/thread-25796-1-1.html
IMiss 爱蜜社 Vol.522 sia 新人模特优雅气质,https://lesmao.org/thread-25729-1-1.html
YOUMEI 尤美  绯月樱 性感睡裙美腿,https://lesmao.org/thread-25756-1-1.html
YOUMEI 尤美  小影 气质美女,https://lesmao.org/thread-25780-1-1.html
XiuRen 秀人 No.2833  韵味旗袍肉丝巨乳 朱可儿,https://lesmao.org/thread-25679-1-1.html
XiuRen 秀人 No.2859  眼镜ol与草帽俏皮可爱 芝芝,https://lesmao.org/thread-25711-1-1.html
YOUMI 尤蜜荟 Vol.553 允爾 米色长裙爆乳,https://lesmao.org/thread-25428-1-1.html
XiuRen 秀人 No.2877  郑颖姗 极致黑丝美腿,https://lesmao.org/thread-25814-1-1.html
IMiss 爱蜜社 Vol.521 小热巴 都市风格ol系列,https://lesmao.org/thread-25728-1-1.html
XIAOYU  语画界 Vol.424 carry 古典韵味旗袍朦胧丝袜,https://lesmao.org/thread-25794-1-1.html
YOUMEI 尤美  筱慧 蕾丝内衣私房,https://lesmao.org/thread-25755-1-1.html
UGirls 爱尤物 No.1978 paris帕丽斯 双倍心跳,https://lesmao.org/thread-25842-1-1.html
YOUMEI 尤美  2020-09-15-1  美熙 性感翘臀,https://lesmao.org/thread-25778-1-1.html
XiuRen 秀人 No.2834  地铁情景系列 芝芝,https://lesmao.org/thread-25681-1-1.html
MyGirl 美媛馆 Vol.463 日系泳装连体衣 唐琪儿,https://lesmao.org/thread-25650-1-1.html
YOUMI 尤蜜荟 Vol.551 童颜巨乳 朱可儿 魅惑黑丝,https://lesmao.org/thread-25393-1-1.html
XIAOYU  语画界 Vol.423 女神天使 杨晨晨,https://lesmao.org/thread-25748-1-1.html
XiuRen 秀人 No.2880 魅惑写真妖艳巨乳  妲己toxic,https://lesmao.org/thread-25820-1-1.html
XiuRen 秀人 No.2868  淡雅白色职业装 言沫,https://lesmao.org/thread-25789-1-1.html
YOUMEI 尤美   陈宇曦 家仆制服,https://lesmao.org/thread-25645-1-1.html
YOUMEI 尤美  短发玉体美女,https://lesmao.org/thread-25769-1-1.html
YALAYI 雅拉伊 Vol.735    方岚 独处,https://lesmao.org/thread-25804-1-1.html
UGirls 爱尤物 No.1977 宝利 萌兽派对,https://lesmao.org/thread-25840-1-1.html
XiuRen 秀人 No.2876  合租室友主题系列 陈小喵,https://lesmao.org/thread-25813-1-1.html
XiuRen 秀人 No.2852  情趣女警制服捆绑 美七 童颜巨乳,https://lesmao.org/thread-25704-1-1.html
HuaYang 花漾show Vol.314 朦胧肉丝美腿 朱可儿,https://lesmao.org/thread-25438-1-1.html
XIAOYU  语画界 Vol.422 户外诱惑车拍主题 杨紫嫣,https://lesmao.org/thread-25747-1-1.html
YOUMI 尤蜜荟 Vol.550  皮裙狂野豹纹杭州旅拍 果儿,https://lesmao.org/thread-25392-1-1.html
FeiLin 嗲囡囡 Vol.356 baby_柒   性感吊裙黑丝,https://lesmao.org/thread-25652-1-1.html
IMiss 爱蜜社 Vol.520 萌白酱 首套写真制服ol,https://lesmao.org/thread-25727-1-1.html
YOUMEI 尤美  何嘉颖 性感野猫制服,https://lesmao.org/thread-25754-1-1.html
YOUMEI 尤美  小影 妩媚个性嫩模,https://lesmao.org/thread-25768-1-1.html
UGirls 爱尤物 No.1976 李多多 情多难自控,https://lesmao.org/thread-25838-1-1.html
XiuRen 秀人 No.2869  淡雅白裙 佘贝拉bella 三亚旅拍,https://lesmao.org/thread-25791-1-1.html
IMiss 爱蜜社 Vol.519 模特合辑 肉肉和jermy,https://lesmao.org/thread-25726-1-1.html
XIAOYU  语画界 Vol.421 白色护士制服 杨晨晨,https://lesmao.org/thread-25746-1-1.html
XiuRen 秀人 No.2840  空姐下班后主题写真 唐安琪,https://lesmao.org/thread-25689-1-1.html
HuaYang 花漾show Vol.313 棒球女郎主题 徐安安,https://lesmao.org/thread-25436-1-1.html
XiuRen 秀人 No.2850  白茹雪 黄色职业装朦胧丝袜,https://lesmao.org/thread-25702-1-1.html
MiStar 魅妍社 Vol.326 性感和服 沈佳熹,https://lesmao.org/thread-25715-1-1.html
YOUMEI 尤美   费若拉 巨乳家仆制服,https://lesmao.org/thread-25760-1-1.html
YOUMEI 尤美  苏小曼 性感香肩和服,https://lesmao.org/thread-25772-1-1.html
MTYH 喵糖映画 Vol.331  居家少女,https://lesmao.org/thread-25807-1-1.html
UGirls 爱尤物 No.1975 猫猫 多情的猫咪,https://lesmao.org/thread-25836-1-1.html
HuaYang 花漾show Vol.310 古典长裙动人 朱可儿,https://lesmao.org/thread-25333-1-1.html
FeiLin 嗲囡囡 Vol.353 jk比基尼 果儿 粉色波波池,https://lesmao.org/thread-25575-1-1.html
XIAOYU  语画界 Vol.414 健身房美女 杨晨晨,https://lesmao.org/thread-25628-1-1.html
XiuRen 秀人 No.2830  泳池比基尼 李小米,https://lesmao.org/thread-25673-1-1.html
XiuRen 秀人 No.2829  陆萱萱 银行经理制服主题,https://lesmao.org/thread-25671-1-1.html
YOUMEI 尤美  2020-01-09-1  艾小青 诱惑内衣,https://lesmao.org/thread-25642-1-1.html
MTYH 喵糖映画 Vol.325  白色砂糖,https://lesmao.org/thread-25678-1-1.html
MTYH 喵糖映画 Vol.321  蓝色私房清纯萝莉,https://lesmao.org/thread-25598-1-1.html
YOUMEI 尤美   梦娜 拳击活力美眉,https://lesmao.org/thread-25643-1-1.html
XiuRen 秀人 No.2828  心妍小公主 性感西装熟女,https://lesmao.org/thread-25669-1-1.html
XiuRen 秀人 No.2827  黑丝吊裙 樱花elsa 魅惑黑丝三亚旅拍,https://lesmao.org/thread-25667-1-1.html
XiuRen 秀人 No.2826  校园风格清纯动人 糯米nm,https://lesmao.org/thread-25665-1-1.html
XiuRen 秀人 No.2825  仓井优香 职场秘书眼镜lo,https://lesmao.org/thread-25663-1-1.html
XiuRen 秀人 No.2824  顾乔楠 黑短裙白衬衫秘书,https://lesmao.org/thread-25661-1-1.html
XiuRen 秀人 No.2823  杨晨晨 古典韵味旗袍,https://lesmao.org/thread-25659-1-1.html
XiuRen 秀人 No.2822  蕾丝翘臀玉足 韩静安,https://lesmao.org/thread-25657-1-1.html
XiuRen 秀人 No.2821  天然E杯  舞媚歆 居家私密熟女,https://lesmao.org/thread-25655-1-1.html
XiuRen 秀人 No.2820  街头美女 周于希 时尚制服,https://lesmao.org/thread-25608-1-1.html
XiuRen 秀人 No.2819  空中酒店下午茶 玉兔miki,https://lesmao.org/thread-25607-1-1.html
XiuRen 秀人 No.2818  言沫 性感黑丝,https://lesmao.org/thread-25606-1-1.html
YOUMI 尤蜜荟 Vol.543 肥臀巨乳旅拍 娜露selena,https://lesmao.org/thread-25385-1-1.html
MyGirl 美媛馆 Vol.459 紧身牛仔裤 唐琪儿,https://lesmao.org/thread-25611-1-1.html
XiuRen 秀人 No.2817  诗诗 空姐制服,https://lesmao.org/thread-25605-1-1.html
FeiLin 嗲囡囡 Vol.354 美腿女友 方子萱,https://lesmao.org/thread-25617-1-1.html
YOUMEI 尤美  nina 蕾丝乳贴,https://lesmao.org/thread-25633-1-1.html
YOUMEI 尤美  小语 香肩眼镜萝莉美眉,https://lesmao.org/thread-25637-1-1.html
MTYH 喵糖映画 Vol.319  画室少女制服,https://lesmao.org/thread-25596-1-1.html
XiuRen 秀人 No.2816  小蛮妖 职场白衬衫,https://lesmao.org/thread-25604-1-1.html
UGirls 爱尤物 No.1969 陈宝拉 情浪女妖,https://lesmao.org/thread-25699-1-1.html
XiuRen 秀人 No.2815  空姐下班后 唐安琪,https://lesmao.org/thread-25603-1-1.html
XiuRen 秀人 No.2814  粉色条纹三点式 糯美子,https://lesmao.org/thread-25602-1-1.html
YOUMI 尤蜜荟 Vol.544 私人管家剧情 王雨纯,https://lesmao.org/thread-25386-1-1.html
MyGirl 美媛馆 Vol.458 唐琪儿 ol制服,https://lesmao.org/thread-25571-1-1.html
XIAOYU  语画界 Vol.413 杨晨晨 猩红内衣娇躯,https://lesmao.org/thread-25589-1-1.html
YOUMEI 尤美   陈宇曦 户外jk制服,https://lesmao.org/thread-25634-1-1.html
YOUMEI 尤美    何嘉颖 户外花季嫩模,https://lesmao.org/thread-25644-1-1.html
YOUMEI 尤美   陈宇曦 性感旗袍,https://lesmao.org/thread-25638-1-1.html
YALAYI 雅拉伊 Vol.728    朵朵 硬糖少女,https://lesmao.org/thread-25662-1-1.html
MTYH 喵糖映画 Vol.318  起风了酥胸香肩,https://lesmao.org/thread-25595-1-1.html
UGirls 爱尤物 No.1968 秦语 欲言又止  制服,https://lesmao.org/thread-25698-1-1.html
XiuRen 秀人 No.2849  模特合辑 萌汉药 张雨萌魅惑模特,https://lesmao.org/thread-25701-1-1.html
YOUMI 尤蜜荟 Vol.549 猩红内衣熟女爆乳 王雨纯,https://lesmao.org/thread-25391-1-1.html
XiuRen 秀人 No.2865  地铁学妹系列 唐安琪,https://lesmao.org/thread-25785-1-1.html
XIAOYU  语画界 Vol.420 典雅吊裙与朦胧丝袜 冯木木,https://lesmao.org/thread-25658-1-1.html
IMiss 爱蜜社 Vol.518 小热巴 清透明亮视觉体验,https://lesmao.org/thread-25725-1-1.html
YOUMEI 尤美  小婠 制服美腿,https://lesmao.org/thread-25762-1-1.html
YOUMEI 尤美  小影 性感乳贴,https://lesmao.org/thread-25779-1-1.html
YOUMEI 尤美  李承美 性感玉体,https://lesmao.org/thread-25764-1-1.html
UGirls 爱尤物 No.1974 安晴 一吻定晴,https://lesmao.org/thread-25803-1-1.html
YALAYI 雅拉伊 Vol.733    瓶儿 去江边,https://lesmao.org/thread-25800-1-1.html
MTYH 喵糖映画 Vol.330  舞台少女,https://lesmao.org/thread-25806-1-1.html
XiuRen 秀人 No.2866  新人模特湿身巨乳诱惑 萌奈子,https://lesmao.org/thread-25786-1-1.html
YOUMI 尤蜜荟 Vol.548 三点式内衣 田冰冰,https://lesmao.org/thread-25390-1-1.html
MFStar 模范学院 Vol.418  职场秘书ol 苏雨彤,https://lesmao.org/thread-25651-1-1.html
XIAOYU  语画界 Vol.419 薄透内衣与吊袜 何嘉颖,https://lesmao.org/thread-25656-1-1.html
IMiss 爱蜜社 Vol.517 杨紫嫣 朦胧丝袜,https://lesmao.org/thread-25724-1-1.html
UGirls 爱尤物 No.1973 yuki又又 甜梦御姐,https://lesmao.org/thread-25801-1-1.html
YOUMEI 尤美   陈圆圆 翘臀网袜,https://lesmao.org/thread-25751-1-1.html
YOUMEI 尤美   heidi 蕾丝短发美眉,https://lesmao.org/thread-25765-1-1.html
MTYH 喵糖映画 Vol.332  白裙穹妹,https://lesmao.org/thread-25808-1-1.html
XiuRen 秀人 No.2857  周于希和顾奈奈 办公室模特合辑,https://lesmao.org/thread-25709-1-1.html
MyGirl 美媛馆 Vol.462 首套写真 小海臀rena  丰腴美眉,https://lesmao.org/thread-25614-1-1.html
XIAOYU  语画界 Vol.418 jk制服湿身 杨晨晨 清纯可人,https://lesmao.org/thread-25632-1-1.html
IMiss 爱蜜社 Vol.516 份额刚满雪肤熟女 陈赞之,https://lesmao.org/thread-25723-1-1.html
XiuRen 秀人 No.2870  真空紧身衣 梦心月 长腿高跟美眉,https://lesmao.org/thread-25793-1-1.html
YOUMEI 尤美   易阳 巨乳奶霸,https://lesmao.org/thread-25750-1-1.html
MTYH 喵糖映画 Vol.329 小白裙,https://lesmao.org/thread-25805-1-1.html
UGirls 爱尤物 No.1972 E宝贝 静夜狂欢,https://lesmao.org/thread-25799-1-1.html
XiuRen 秀人 No.2854  允爾 华丽吊裙娇躯美腿,https://lesmao.org/thread-25706-1-1.html
FeiLin 嗲囡囡 Vol.355 鱼子酱fish 兔耳朵制服蕾丝,https://lesmao.org/thread-25618-1-1.html
XIAOYU  语画界 Vol.417 绯月樱 黑丝主题皮裙黑丝,https://lesmao.org/thread-25631-1-1.html
HuaYang 花漾show Vol.312 周于希 黑短裙制服黑丝,https://lesmao.org/thread-25434-1-1.html
XiuRen 秀人 No.2845  梦心月 镂空内衣吊袜,https://lesmao.org/thread-25694-1-1.html
IMiss 爱蜜社 Vol.515 九月生 优雅旗袍蕾丝内衣,https://lesmao.org/thread-25722-1-1.html
YOUMEI 尤美  2020-08-07-2  李多多,https://lesmao.org/thread-25763-1-1.html
YOUMEI 尤美  2020-01-16-2  艾小青 性感乳贴,https://lesmao.org/thread-25753-1-1.html
YALAYI 雅拉伊 Vol.732    方岚 和敬清寂,https://lesmao.org/thread-25670-1-1.html
YOUMEI 尤美  美熙 透视黑丝,https://lesmao.org/thread-25777-1-1.html
MTYH 喵糖映画 Vol.333  兔耳女主,https://lesmao.org/thread-25809-1-1.html
XiuRen 秀人 No.2843  fairy如歌 修长美腿,https://lesmao.org/thread-25692-1-1.html
MyGirl 美媛馆 Vol.461 唐琪儿 蕾丝内衣,https://lesmao.org/thread-25613-1-1.html
YOUMI 尤蜜荟 Vol.547 周于希 蕾丝黑丝旅拍,https://lesmao.org/thread-25389-1-1.html
IMiss 爱蜜社 Vol.514 jermy 高挑曼妙美女,https://lesmao.org/thread-25721-1-1.html
UGirls 爱尤物 No.1971 安琪拉 糖果宝贝,https://lesmao.org/thread-25775-1-1.html
YOUMEI 尤美   大萱萱 健身运动美女,https://lesmao.org/thread-25752-1-1.html
MTYH 喵糖映画 Vol.326  居家女友,https://lesmao.org/thread-25680-1-1.html
MTYH 喵糖映画 Vol.327  闺蜜情谊,https://lesmao.org/thread-25682-1-1.html
XiuRen 秀人 No.2841  真空美乳连体衣 杨晨晨 性感牛仔,https://lesmao.org/thread-25690-1-1.html
XiuRen 秀人 No.2839  徐安安 皮裙魅惑,https://lesmao.org/thread-25688-1-1.html
YOUMI 尤蜜荟 Vol.546 娜露 都市风格丰腴身材,https://lesmao.org/thread-25388-1-1.html
IMiss 爱蜜社 Vol.513 肉肉 丝袜美腿职场ol风格,https://lesmao.org/thread-25720-1-1.html
XIAOYU  语画界 Vol.416 美腿玉足 言沫 典雅礼裙,https://lesmao.org/thread-25630-1-1.html
YOUMEI 尤美  筱慧和何嘉颖模特合辑,https://lesmao.org/thread-25759-1-1.html
YALAYI 雅拉伊 Vol.731    芊芊 盛开,https://lesmao.org/thread-25668-1-1.html
MTYH 喵糖映画 Vol.323  浴缸泡泡,https://lesmao.org/thread-25674-1-1.html
YOUMEI 尤美    jessica 红唇美腿,https://lesmao.org/thread-25761-1-1.html
YALAYI 雅拉伊 Vol.734    甜酱吖 就想赖着你,https://lesmao.org/thread-25802-1-1.html
XiuRen 秀人 No.2838  言沫  职场制服修长美腿,https://lesmao.org/thread-25687-1-1.html
XiuRen 秀人 No.2837  九月 泳衣运动内衣,https://lesmao.org/thread-25686-1-1.html
XiuRen 秀人 No.2836  街边偶遇美女 沈欢欣 魅惑合辑,https://lesmao.org/thread-25685-1-1.html
XIAOYU  语画界 Vol.415 时尚街拍魅惑私房 杨紫嫣,https://lesmao.org/thread-25629-1-1.html
HuaYang 花漾show Vol.311 黑色蕾丝睡衣 周大萌,https://lesmao.org/thread-25334-1-1.html
IMiss 爱蜜社 Vol.512 蕾丝性感 方子萱 性感私房制服,https://lesmao.org/thread-25719-1-1.html
UGirls 爱尤物 No.1970 安妮丝朵拉 外星情敌,https://lesmao.org/thread-25749-1-1.html
YOUMEI 尤美  何嘉颖 透视乳贴爆乳,https://lesmao.org/thread-25639-1-1.html
YALAYI 雅拉伊 Vol.730    籹籹仔 寻,https://lesmao.org/thread-25666-1-1.html
MTYH 喵糖映画 Vol.322  天台少女,https://lesmao.org/thread-25672-1-1.html
YOUMEI 尤美 湿身妩媚爆乳 李薇薇,https://lesmao.org/thread-25767-1-1.html
XiuRen 秀人 No.2835  大电影招募主题 陈小喵,https://lesmao.org/thread-25683-1-1.html
MyGirl 美媛馆 Vol.460 古典韵味旗袍 糯美子,https://lesmao.org/thread-25612-1-1.html
YOUMI 尤蜜荟 Vol.545 香车美人车拍主题 王雨纯,https://lesmao.org/thread-25387-1-1.html
MFStar 模范学院 Vol.417  性感蕾丝 方子萱 朦胧丝袜,https://lesmao.org/thread-25616-1-1.html
IMiss 爱蜜社 Vol.511 性感吊裙美腿 小热巴,https://lesmao.org/thread-25718-1-1.html
YOUMEI 尤美  筱慧 美臀蕾丝,https://lesmao.org/thread-25641-1-1.html
YOUMEI 尤美  李承美 性感厨娘肚兜,https://lesmao.org/thread-25640-1-1.html
YALAYI 雅拉伊 Vol.729    阳阳 那些年,https://lesmao.org/thread-25664-1-1.html
MTYH 喵糖映画 Vol.320  浴缸泡泡,https://lesmao.org/thread-25597-1-1.html
XiuRen 秀人 No.2831  爆乳翘臀黑丝 美七,https://lesmao.org/thread-25675-1-1.html
XiuRen 秀人 No.2832  好心司机剧情写真 周于希,https://lesmao.org/thread-25677-1-1.html
MFStar 模范学院 Vol.416  粉色连体衣 白甜 妩媚动人,https://lesmao.org/thread-25615-1-1.html
XiuRen 秀人 No.2780  果儿 猩红内衣熟女,https://lesmao.org/thread-25498-1-1.html
XiuRen 秀人 No.2779  美七 泳池巨乳礼裙,https://lesmao.org/thread-25497-1-1.html
XiuRen 秀人 No.2778  清纯双马尾 糯美子,https://lesmao.org/thread-25496-1-1.html
MyGirl 美媛馆 Vol.457 唐琪儿 蒙面蕾丝,https://lesmao.org/thread-25532-1-1.html
HuaYang 花漾show Vol.305 周于希 米色吊裙修长美腿,https://lesmao.org/thread-25176-1-1.html
MFStar 模范学院 Vol.413  苏雨彤 粉色蕾丝连体衣,https://lesmao.org/thread-25534-1-1.html
YOUMEI 尤美   柚柚酱 性感内衣,https://lesmao.org/thread-25470-1-1.html
YOUMEI 尤美    何嘉颖 户外内衣写真,https://lesmao.org/thread-25480-1-1.html
YALAYI 雅拉伊 Vol.724    秦语 空房,https://lesmao.org/thread-25558-1-1.html
MTYH 喵糖映画 Vol.311  可爱小宅女,https://lesmao.org/thread-25525-1-1.html
HuaYang 花漾show Vol.303 诱人女仆装 娜露selena,https://lesmao.org/thread-25149-1-1.html
XIAOYU  语画界 Vol.407 空姐制服 杨紫嫣cynthia,https://lesmao.org/thread-25511-1-1.html
UGirls 爱尤物 No.1961 雪千寻大白兔 焰火雪兔,https://lesmao.org/thread-25584-1-1.html
YOUMEI 尤美   小语 户外美女妹子,https://lesmao.org/thread-25410-1-1.html
MTYH 喵糖映画 Vol.169  猫咪眼镜妹仆人装,https://lesmao.org/thread-25521-1-1.html
MTYH 喵糖映画 Vol.310  双马尾制服,https://lesmao.org/thread-25524-1-1.html
Goddes 头条女神 No.0908 金牌秘书系列之一免费版林芮希,https://lesmao.org/thread-25592-1-1.html
MFStar 模范学院 Vol.412  浴室校服系列 仓井优香,https://lesmao.org/thread-25424-1-1.html
HuaYang 花漾show Vol.304 尤妮丝 妩媚礼裙翘臀,https://lesmao.org/thread-25150-1-1.html
YOUMEI 尤美   黄金宝儿 蕾丝内衣,https://lesmao.org/thread-25467-1-1.html
YOUMEI 尤美   何嘉颖 爆乳牛仔,https://lesmao.org/thread-25472-1-1.html
YOUMEI 尤美    陈圆圆 性感乳贴,https://lesmao.org/thread-25479-1-1.html
MTYH 喵糖映画 Vol.307  洛丽塔仆人装,https://lesmao.org/thread-25505-1-1.html
YALAYI 雅拉伊 Vol.723    丽雅 秋意浓 制服少女,https://lesmao.org/thread-25556-1-1.html
Goddes 头条女神 No.0907 洛城巾帼玄子9P,https://lesmao.org/thread-25590-1-1.html
UGirls 爱尤物 No.1962 陈怡曼 不惑御姐,https://lesmao.org/thread-25586-1-1.html
XiuRen 秀人 No.2777  白色性感情趣内衣 园园呀,https://lesmao.org/thread-25495-1-1.html
XiuRen 秀人 No.2776  师生剧情 果儿和周大萌,https://lesmao.org/thread-25494-1-1.html
YOUMI 尤蜜荟 Vol.539 娜露 超低礼裙,https://lesmao.org/thread-25144-1-1.html
XIAOYU  语画界 Vol.406 陈梦 性感连体衣,https://lesmao.org/thread-25510-1-1.html
IMiss 爱蜜社 Vol.509 jermy 高挑曼妙美女,https://lesmao.org/thread-25140-1-1.html
MTYH 喵糖映画 Vol.168  清纯元气少女,https://lesmao.org/thread-25520-1-1.html
UGirls 爱尤物 No.1960 陈幼伊 艳豹夜袭,https://lesmao.org/thread-25564-1-1.html
XiuRen 秀人 No.2775  芝芝 香车美人,https://lesmao.org/thread-25493-1-1.html
XiuRen 秀人 No.2774  绯月樱 黑丝蕾丝丝足,https://lesmao.org/thread-25492-1-1.html
XiuRen 秀人 No.2773  图书馆主题写真 安然maleah,https://lesmao.org/thread-25491-1-1.html
XiuRen 秀人 No.2772  白茹雪 OL黑丝,https://lesmao.org/thread-25490-1-1.html
XiuRen 秀人 No.2771  软而 紫色情趣制服,https://lesmao.org/thread-25489-1-1.html
XiuRen 秀人 No.2770  捆绑诱惑 白露小猪,https://lesmao.org/thread-25488-1-1.html
HuaYang 花漾show Vol.302 诱惑护士 朱可儿 童颜巨乳,https://lesmao.org/thread-25148-1-1.html
UGirls 爱尤物 No.1965 欣凌 樱雪微甜,https://lesmao.org/thread-25609-1-1.html
MTYH 喵糖映画 Vol.316  藤原千花 妹子美腿,https://lesmao.org/thread-25593-1-1.html
YOUMI 尤蜜荟 Vol.541 新人模特 田冰冰 首套写真,https://lesmao.org/thread-25174-1-1.html
XIAOYU  语画界 Vol.410 杨紫嫣 韵味旗袍丝袜,https://lesmao.org/thread-25552-1-1.html
YOUMEI 尤美   梦娜 酥胸嫩模,https://lesmao.org/thread-25481-1-1.html
UGirls 爱尤物 No.1964 欧阳美萱 天使的情人,https://lesmao.org/thread-25599-1-1.html
HuaYang 花漾show Vol.306 居家风格私房魅惑 王雨纯,https://lesmao.org/thread-25234-1-1.html
IMiss 爱蜜社 Vol.510 九月生 轻薄睡衣,https://lesmao.org/thread-25168-1-1.html
XIAOYU  语画界 Vol.409 古典旗袍 杨晨晨,https://lesmao.org/thread-25550-1-1.html
YOUMEI 尤美   大萱萱 性感嫩模,https://lesmao.org/thread-25412-1-1.html
YOUMEI 尤美   绯月樱 玉体爆乳,https://lesmao.org/thread-25414-1-1.html
YOUMEI 尤美    筱慧 美臀短裙,https://lesmao.org/thread-25473-1-1.html
YALAYI 雅拉伊 Vol.726    梦涵 另一个我,https://lesmao.org/thread-25562-1-1.html
MTYH 喵糖映画 Vol.315  近距离恋爱,https://lesmao.org/thread-25591-1-1.html
YALAYI 雅拉伊 Vol.722    小乔 青涩回忆,https://lesmao.org/thread-25402-1-1.html
MTYH 喵糖映画 Vol.312  粉嫩萝莉少女,https://lesmao.org/thread-25526-1-1.html
XiuRen 秀人 No.2799  白色小恶魔主题 鱼子酱fish,https://lesmao.org/thread-25557-1-1.html
XiuRen 秀人 No.2798  冯木木 黑丝情趣内衣,https://lesmao.org/thread-25555-1-1.html
XiuRen 秀人 No.2797  九千柒柒 西装丝足,https://lesmao.org/thread-25553-1-1.html
XiuRen 秀人 No.2796  巨乳室外写真 软而,https://lesmao.org/thread-25551-1-1.html
XiuRen 秀人 No.2795  办公室职员 唐安琪,https://lesmao.org/thread-25565-1-1.html
XiuRen 秀人 No.2794  女教师教鞭系列 周大萌,https://lesmao.org/thread-25549-1-1.html
XiuRen 秀人 No.2793  模特合辑 萌汉药baby和张雨萌,https://lesmao.org/thread-25547-1-1.html
YOUMI 尤蜜荟 Vol.540 尤妮丝 丰满熟女,https://lesmao.org/thread-25146-1-1.html
XIAOYU  语画界 Vol.408 杨晨晨 香肩美腿,https://lesmao.org/thread-25512-1-1.html
MFStar 模范学院 Vol.414  方子萱 镂空内衣主题,https://lesmao.org/thread-25536-1-1.html
YOUMEI 尤美  李纤纤 活力少女,https://lesmao.org/thread-25413-1-1.html
UGirls 爱尤物 No.1963 zoe 茉莉小姐,https://lesmao.org/thread-25588-1-1.html
XiuRen 秀人 No.2792  fairy如歌 秘书黑丝,https://lesmao.org/thread-25545-1-1.html
XiuRen 秀人 No.2791  爆乳眼镜美女 monika九月,https://lesmao.org/thread-25543-1-1.html
XiuRen 秀人 No.2790  葛征 修长美腿黑丝皮质女王,https://lesmao.org/thread-25541-1-1.html
XiuRen 秀人 No.2789  护士制服 范京宜 女神范,https://lesmao.org/thread-25539-1-1.html
XiuRen 秀人 No.2788 约会日记主题  陈小喵,https://lesmao.org/thread-25537-1-1.html
XiuRen 秀人 No.2787  梦心月 镂空内衣丝足美腿,https://lesmao.org/thread-25535-1-1.html
XiuRen 秀人 No.2786  黑丝美腿 言沫,https://lesmao.org/thread-25533-1-1.html
XiuRen 秀人 No.2785  真空紧身牛仔裤 佘贝拉bella,https://lesmao.org/thread-25531-1-1.html
XiuRen 秀人 No.2784  方子萱 职场秘书ol,https://lesmao.org/thread-25530-1-1.html
XiuRen 秀人 No.2783  陈舒羽 情趣警花制服系列,https://lesmao.org/thread-25529-1-1.html
XiuRen 秀人 No.2782  女特务剧情系列 林子欣,https://lesmao.org/thread-25500-1-1.html
XiuRen 秀人 No.2781  企业家制服主题 就是阿朱啊,https://lesmao.org/thread-25499-1-1.html
MTYH 喵糖映画 Vol.313  丝袜少女写真,https://lesmao.org/thread-25527-1-1.html
XiuRen 秀人 No.2813  carry 视觉魅力气质美女,https://lesmao.org/thread-25601-1-1.html
XiuRen 秀人 No.2812  剧情写真花园晾衣美女 软软子,https://lesmao.org/thread-25600-1-1.html
XiuRen 秀人 No.2811  抹油系列诱惑 芝芝,https://lesmao.org/thread-25582-1-1.html
FeiLin 嗲囡囡 Vol.352 活力女神 鱼子酱fish,https://lesmao.org/thread-25507-1-1.html
YOUMI 尤蜜荟 Vol.542 周于希 黑丝制服,https://lesmao.org/thread-25426-1-1.html
XIAOYU  语画界 Vol.412 民国风旗袍 安琪,https://lesmao.org/thread-25587-1-1.html
XiuRen 秀人 No.2810  会前准备主题秘书 陆萱萱,https://lesmao.org/thread-25580-1-1.html
YOUMEI 尤美  调教练习生合辑模特 陈宇曦,https://lesmao.org/thread-25648-1-1.html
YALAYI 雅拉伊 Vol.727   楚薇 鲜肤何润,https://lesmao.org/thread-25660-1-1.html
MTYH 喵糖映画 Vol.324  贞德黑,https://lesmao.org/thread-25676-1-1.html
UGirls 爱尤物 No.1967 丽塔 亲密一刻,https://lesmao.org/thread-25697-1-1.html
MFStar 模范学院 Vol.415  诱惑丁字裤 朱可儿,https://lesmao.org/thread-25573-1-1.html
HuaYang 花漾show Vol.309 丝袜奇遇记 徐安安,https://lesmao.org/thread-25332-1-1.html
YOUMEI 尤美  2020-09-03-1  苏小曼 捆绑皮衣,https://lesmao.org/thread-25646-1-1.html
Goddes 头条女神 No.S048 凤舞白沙VIP版玄子　,https://lesmao.org/thread-25366-1-1.html
YOUMEI 尤美   曦宝儿 蕾丝连体衣,https://lesmao.org/thread-25649-1-1.html
MTYH 喵糖映画 Vol.328  阿狸女郎,https://lesmao.org/thread-25684-1-1.html
MTYH 喵糖映画 Vol.314  捆绑双马尾,https://lesmao.org/thread-25528-1-1.html
XiuRen 秀人 No.2809  模特合辑 娜露selena和王雨纯,https://lesmao.org/thread-25578-1-1.html
XIAOYU  语画界 Vol.411 情趣内衣魅惑黑丝 何嘉颖,https://lesmao.org/thread-25554-1-1.html
HuaYang 花漾show Vol.308 霸道总裁御姐 尤妮丝 白色ol,https://lesmao.org/thread-25323-1-1.html
YOUMEI 尤美  艾小青 性感肚兜,https://lesmao.org/thread-25635-1-1.html
YOUMEI 尤美  2020-01-03-2  夏玲蔓 涂鸦户外,https://lesmao.org/thread-25636-1-1.html
MTYH 喵糖映画 Vol.317  海棠女仆,https://lesmao.org/thread-25594-1-1.html
UGirls 爱尤物 No.1966 白一晗 情人猫 巨乳连体衣,https://lesmao.org/thread-25610-1-1.html
XiuRen 秀人 No.2808  真空紧身内衣系列 白露小猪,https://lesmao.org/thread-25576-1-1.html
XiuRen 秀人 No.2807  安然 情趣小秘书,https://lesmao.org/thread-25574-1-1.html
XiuRen 秀人 No.2806  皮衣极致黑丝 绯月樱,https://lesmao.org/thread-25572-1-1.html
XiuRen 秀人 No.2805  丰腴魔鬼身材 尤妮丝,https://lesmao.org/thread-25570-1-1.html
XiuRen 秀人 No.2804  霸道总裁和秘书 佘贝拉bella,https://lesmao.org/thread-25569-1-1.html
XiuRen 秀人 No.2803  韩静安 兔女郎诱惑,https://lesmao.org/thread-25568-1-1.html
XiuRen 秀人 No.2802  黑白警花魅惑 小波多,https://lesmao.org/thread-25567-1-1.html
XiuRen 秀人 No.2801 浴室湿身  郑颖姗 浑然美神,https://lesmao.org/thread-25566-1-1.html
HuaYang 花漾show Vol.307 情趣皮衣内衣与朦胧丝袜 田冰冰,https://lesmao.org/thread-25322-1-1.html
XiuRen 秀人 No.2800  杨晨晨 红色吊裙性感女神,https://lesmao.org/thread-25559-1-1.html
MyGirl 美媛馆 Vol.456 肥臀健身正妹 九月,https://lesmao.org/thread-25506-1-1.html
YOUMEI 尤美    黄金宝儿 高跟丁字裤,https://lesmao.org/thread-25476-1-1.html
YOUMEI 尤美    曦宝儿 巨乳制服,https://lesmao.org/thread-25647-1-1.html
YALAYI 雅拉伊 Vol.725    小乔 甜美女友,https://lesmao.org/thread-25560-1-1.html
XIAOYU  语画界 Vol.405 魅惑吊带蕾丝 周思乔,https://lesmao.org/thread-25450-1-1.html
YOUMEI 尤美   陈宇曦 翘臀嫩模,https://lesmao.org/thread-25466-1-1.html
MTYH 喵糖映画 Vol.166  黑丝美女软妹,https://lesmao.org/thread-25518-1-1.html
MTYH 喵糖映画 Vol.309  美眉纱裙,https://lesmao.org/thread-25523-1-1.html
MiiTao 蜜桃社 Vol.144 甜美颜值 优米yumi 首套写真,https://lesmao.org/thread-25172-1-1.html
XIAOYU  语画界 Vol.404 何嘉颖 镂空蕾丝内衣,https://lesmao.org/thread-25448-1-1.html
YOUMI 尤蜜荟 Vol.537 美臀超短裙 王雨纯,https://lesmao.org/thread-25089-1-1.html
YOUMEI 尤美   白亦 卷发美女,https://lesmao.org/thread-25477-1-1.html
YOUMEI 尤美  李纤纤 活力少女,https://lesmao.org/thread-25415-1-1.html
MTYH 喵糖映画 Vol.308  红色校服美眉,https://lesmao.org/thread-25522-1-1.html
UGirls 爱尤物 No.1959 奶茶emily 要啵啵也要奶茶,https://lesmao.org/thread-25563-1-1.html
MTYH 喵糖映画 Vol.167  比基尼泡泡,https://lesmao.org/thread-25519-1-1.html
XIAOYU  语画界 Vol.403 贵妇开叉旗袍 杨晨晨 主题旅拍,https://lesmao.org/thread-25446-1-1.html
MFStar 模范学院 Vol.411  粉色护士制服 方子萱,https://lesmao.org/thread-25423-1-1.html
YOUMI 尤蜜荟 Vol.538 性感玉体美胸 周于希sandy,https://lesmao.org/thread-25091-1-1.html
YOUMEI 尤美    梦娜 健身辣妹,https://lesmao.org/thread-25474-1-1.html
YOUMEI 尤美   jessica  爆乳制服,https://lesmao.org/thread-25464-1-1.html
MTYH 喵糖映画 Vol.165  智能机器少女,https://lesmao.org/thread-25517-1-1.html
UGirls 爱尤物 No.1958 乔雅冰 星空冰蓝,https://lesmao.org/thread-25561-1-1.html
XiuRen 秀人 No.2769  顾奈奈 职业装丝袜,https://lesmao.org/thread-25487-1-1.html
XiuRen 秀人 No.2768  职业装美腿 韩静安,https://lesmao.org/thread-25486-1-1.html
XIAOYU  语画界 Vol.402 娇艳俏丽美女 梦梵,https://lesmao.org/thread-25397-1-1.html
IMiss 爱蜜社 Vol.508 杨紫嫣cynthia 黑丝皮裙,https://lesmao.org/thread-25138-1-1.html
YOUMEI 尤美   艾小青 湿身浴室,https://lesmao.org/thread-25468-1-1.html
Goddes 头条女神 No.S047 茶水间的OL女士VIP版艾小青,https://lesmao.org/thread-25198-1-1.html
YOUMEI 尤美   野外翘臀爆乳 小语,https://lesmao.org/thread-25478-1-1.html
MTYH 喵糖映画 Vol.164  清纯黑丝少女,https://lesmao.org/thread-25516-1-1.html
MTYH 喵糖映画 Vol.304  校服萝莉,https://lesmao.org/thread-25301-1-1.html
XiuRen 秀人 No.2767  妲己toxic 旅拍爆乳肥臀,https://lesmao.org/thread-25485-1-1.html
IMiss 爱蜜社 Vol.507 lavinia肉肉 职场OL风格,https://lesmao.org/thread-25077-1-1.html
HuaYang 花漾show Vol.301 蓝色蕾丝内衣 徐安安,https://lesmao.org/thread-25130-1-1.html
XIAOYU  语画界 Vol.401 丝绸美女 芝芝 情趣黑丝内衣,https://lesmao.org/thread-25396-1-1.html
XiuRen 秀人 No.2766  白色抹胸浴室 冯木木,https://lesmao.org/thread-25484-1-1.html
YOUMEI 尤美   团团 性感厨娘,https://lesmao.org/thread-25469-1-1.html
YOUMEI 尤美    可可 性感内衣,https://lesmao.org/thread-25475-1-1.html
MTYH 喵糖映画 Vol.306  香肩美眉少女,https://lesmao.org/thread-25504-1-1.html
MTYH 喵糖映画 Vol.163  纯白少女美眉,https://lesmao.org/thread-25515-1-1.html
UGirls 爱尤物 No.1957 奶油 情调正好,https://lesmao.org/thread-25502-1-1.html
XiuRen 秀人 No.2765  范京宜 新人模特秘书制服ol,https://lesmao.org/thread-25483-1-1.html
XiuRen 秀人 No.2764  吊裙丝袜 九千柒柒,https://lesmao.org/thread-25482-1-1.html
